<datapower-configuration version="3"><export-details><description>Exported Configuration</description><user>admin</user><domain>mfp</domain><comment/><product-id>5725</product-id><product>XG45</product><display-product>XG45</display-product><model>DataPower XG45</model><display-model>DataPower XG45</display-model><device-name>nathanh</device-name><serial-number>0000000</serial-number><firmware-version>XG45.7.0.0.10</firmware-version><display-firmware-version>XG45.7.0.0.10</display-firmware-version><firmware-build>267777</firmware-build><firmware-timestamp>2015/10/23 22:15:18</firmware-timestamp><current-date>2016-02-16</current-date><current-time>07:12:36 GMT</current-time><reset-date>2016-02-13</reset-date><reset-time>04:48:02 GMT</reset-time><login-message/><custom-ui-file/></export-details><interface-data><interface name="eth0" type="Ethernet" vers="ipv4" ip-addr="172.16.134.100"/><interface name="eth1" type="Ethernet" vers="ipv4" ip-addr="172.16.134.101"/></interface-data><configuration domain="mfp"><ConfigDeploymentPolicy name="MPGW_MFPIntegration_1455606626364" xmlns:env="http://www.w3.org/2003/05/soap-envelope" xmlns:dp="http://www.datapower.com/schemas/management">
<mAdminState read-only="true">enabled</mAdminState>
<FilteredConfig>*/*/crypto/cert?Name=^MFPIntegration_IBM_Pattern$</FilteredConfig>
<FilteredConfig>*/*/crypto/idcred?Name=^MFPIntegration_Web_HTTPS_FormLTPA$</FilteredConfig>
<FilteredConfig>*/*/crypto/key?Name=^MFPIntegration_IBM_Pattern$</FilteredConfig>
<FilteredConfig>*/*/crypto/profile?Name=^MFPIntegration_Web_HTTPS_FormLTPA$</FilteredConfig>
<FilteredConfig>*/*/crypto/sslproxy?Name=^MFPIntegration_Web_HTTPS_FormLTPA$</FilteredConfig>
<ModifiedConfig>
<Match>*/*/protocol/https?Name=^MFPIntegration_Web_HTTPS_FormLTPA$</Match>
<Type>change</Type>
<Property/>
<Value>${ServiceName}_MFPIntegration_Web_HTTPS_FormLTPA</Value></ModifiedConfig>
<ModifiedConfig>
<Match>*/*/xml/stylepolicy?Name=^MFPIntegration_Web_HTTPS_FormLTPA$</Match>
<Type>change</Type>
<Property/>
<Value>${ServiceName}_MFPIntegration_Web_HTTPS_FormLTPA</Value></ModifiedConfig>
<ModifiedConfig>
<Match>*/*/policy/policy-attachments?Name=^MFPIntegration_Web_HTTPS_FormLTPA$</Match>
<Type>change</Type>
<Property/>
<Value>${ServiceName}_MFPIntegration_Web_HTTPS_FormLTPA</Value></ModifiedConfig>
<ModifiedConfig>
<Match>*/*/config/mpgw-errorpolicy?Name=^MFPIntegration_Web_HTTPS_FormLTPA$</Match>
<Type>change</Type>
<Property/>
<Value>${ServiceName}_MFPIntegration_Web_HTTPS_FormLTPA</Value></ModifiedConfig>
<ModifiedConfig>
<Match>*/*/xml/matching?Name=^MFPIntegration_Web_HTTPS_FormLTPA_web_resources$</Match>
<Type>change</Type>
<Property/>
<Value>${ServiceName}_MFPIntegration_Web_HTTPS_FormLTPA_web_resources</Value></ModifiedConfig>
<ModifiedConfig>
<Match>*/*/xml/rule?Name=^MFPIntegration_Web_HTTPS_FormLTPA_web-resources$</Match>
<Type>change</Type>
<Property/>
<Value>${ServiceName}_MFPIntegration_Web_HTTPS_FormLTPA_web-resources</Value></ModifiedConfig>
<ModifiedConfig>
<Match>*/*/xml/matching?Name=^MFPIntegration_Web_HTTPS_FormLTPA_logout$</Match>
<Type>change</Type>
<Property/>
<Value>${ServiceName}_MFPIntegration_Web_HTTPS_FormLTPA_logout</Value></ModifiedConfig>
<ModifiedConfig>
<Match>*/*/xml/rule?Name=^MFPIntegration_Web_HTTPS_FormLTPA_logout$</Match>
<Type>change</Type>
<Property/>
<Value>${ServiceName}_MFPIntegration_Web_HTTPS_FormLTPA_logout</Value></ModifiedConfig>
<ModifiedConfig>
<Match>*/*/xml/matching?Name=^MFPIntegration_Web_HTTPS_FormLTPA_match_token_header$</Match>
<Type>change</Type>
<Property/>
<Value>${ServiceName}_MFPIntegration_Web_HTTPS_FormLTPA_match_token_header</Value></ModifiedConfig>
<ModifiedConfig>
<Match>*/*/xml/rule?Name=^MFPIntegration_Web_HTTPS_FormLTPA_cookie$</Match>
<Type>change</Type>
<Property/>
<Value>${ServiceName}_MFPIntegration_Web_HTTPS_FormLTPA_cookie</Value></ModifiedConfig>
<ModifiedConfig>
<Match>*/*/xml/matching?Name=^MFPIntegration_Web_HTTPS_FormLTPA_form_authentication$</Match>
<Type>change</Type>
<Property/>
<Value>${ServiceName}_MFPIntegration_Web_HTTPS_FormLTPA_form_authentication</Value></ModifiedConfig>
<ModifiedConfig>
<Match>*/*/xml/rule?Name=^MFPIntegration_Web_HTTPS_FormLTPA_form-authentication$</Match>
<Type>change</Type>
<Property/>
<Value>${ServiceName}_MFPIntegration_Web_HTTPS_FormLTPA_form-authentication</Value></ModifiedConfig>
<ModifiedConfig>
<Match>*/*/xml/matching?Name=^MFPIntegration_Web_HTTPS_FormLTPA_match_all$</Match>
<Type>change</Type>
<Property/>
<Value>${ServiceName}_MFPIntegration_Web_HTTPS_FormLTPA_match_all</Value></ModifiedConfig>
<ModifiedConfig>
<Match>*/*/xml/rule?Name=^MFPIntegration_Web_HTTPS_FormLTPA_login$</Match>
<Type>change</Type>
<Property/>
<Value>${ServiceName}_MFPIntegration_Web_HTTPS_FormLTPA_login</Value></ModifiedConfig>
<ModifiedConfig>
<Match>*/*/xml/matching?Name=^MFPIntegration_Web_HTTPS_FormLTPA_ltpa_error$</Match>
<Type>change</Type>
<Property/>
<Value>${ServiceName}_MFPIntegration_Web_HTTPS_FormLTPA_ltpa_error</Value></ModifiedConfig>
<ModifiedConfig>
<Match>*/*/xml/rule?Name=^MFPIntegration_Web_HTTPS_FormLTPA_aaa-error$</Match>
<Type>change</Type>
<Property/>
<Value>${ServiceName}_MFPIntegration_Web_HTTPS_FormLTPA_aaa-error</Value></ModifiedConfig>
<ModifiedConfig>
<Match>*/*/xml/rule?Name=^MFPIntegration_Web_HTTPS_FormLTPA_all-error$</Match>
<Type>change</Type>
<Property/>
<Value>${ServiceName}_MFPIntegration_Web_HTTPS_FormLTPA_all-error</Value></ModifiedConfig>
<ModifiedConfig>
<Match>*/*/config/mpgw-erroraction?Name=^MFPIntegration_Web_HTTPS_FormLTPA$</Match>
<Type>change</Type>
<Property/>
<Value>${ServiceName}_MFPIntegration_Web_HTTPS_FormLTPA</Value></ModifiedConfig>
<ModifiedConfig>
<Match>*/*/xml/action?Name=^MFPIntegration_Web_HTTPS_FormLTPA_web-resources_results_1$</Match>
<Type>change</Type>
<Property/>
<Value>${ServiceName}_MFPIntegration_Web_HTTPS_FormLTPA_web-resources_results_1</Value></ModifiedConfig>
<ModifiedConfig>
<Match>*/*/xml/action?Name=^MFPIntegration_Web_HTTPS_FormLTPA_logout_convert-http_0$</Match>
<Type>change</Type>
<Property/>
<Value>${ServiceName}_MFPIntegration_Web_HTTPS_FormLTPA_logout_convert-http_0</Value></ModifiedConfig>
<ModifiedConfig>
<Match>*/*/xml/action?Name=^MFPIntegration_Web_HTTPS_FormLTPA_logout_gatewayscript_0$</Match>
<Type>change</Type>
<Property/>
<Value>${ServiceName}_MFPIntegration_Web_HTTPS_FormLTPA_logout_gatewayscript_0</Value></ModifiedConfig>
<ModifiedConfig>
<Match>*/*/xml/action?Name=^MFPIntegration_Web_HTTPS_FormLTPA_cookie_on-error_0$</Match>
<Type>change</Type>
<Property/>
<Value>${ServiceName}_MFPIntegration_Web_HTTPS_FormLTPA_cookie_on-error_0</Value></ModifiedConfig>
<ModifiedConfig>
<Match>*/*/xml/action?Name=^MFPIntegration_Web_HTTPS_FormLTPA_cookie_aaa_1$</Match>
<Type>change</Type>
<Property/>
<Value>${ServiceName}_MFPIntegration_Web_HTTPS_FormLTPA_cookie_aaa_1</Value></ModifiedConfig>
<ModifiedConfig>
<Match>*/*/xml/action?Name=^MFPIntegration_Web_HTTPS_FormLTPA_cookie_results_3$</Match>
<Type>change</Type>
<Property/>
<Value>${ServiceName}_MFPIntegration_Web_HTTPS_FormLTPA_cookie_results_3</Value></ModifiedConfig>
<ModifiedConfig>
<Match>*/*/xml/action?Name=^MFPIntegration_Web_HTTPS_FormLTPA_form-authentication_convert-http_0$</Match>
<Type>change</Type>
<Property/>
<Value>${ServiceName}_MFPIntegration_Web_HTTPS_FormLTPA_form-authentication_convert-http_0</Value></ModifiedConfig>
<ModifiedConfig>
<Match>*/*/xml/action?Name=^MFPIntegration_Web_HTTPS_FormLTPA_form-authentication_aaa_3$</Match>
<Type>change</Type>
<Property/>
<Value>${ServiceName}_MFPIntegration_Web_HTTPS_FormLTPA_form-authentication_aaa_3</Value></ModifiedConfig>
<ModifiedConfig>
<Match>*/*/xml/action?Name=^MFPIntegration_Web_HTTPS_FormLTPA_form-authentication_xform_0$</Match>
<Type>change</Type>
<Property/>
<Value>${ServiceName}_MFPIntegration_Web_HTTPS_FormLTPA_form-authentication_xform_0</Value></ModifiedConfig>
<ModifiedConfig>
<Match>*/*/xml/action?Name=^MFPIntegration_Web_HTTPS_FormLTPA_login_aaa_4$</Match>
<Type>change</Type>
<Property/>
<Value>${ServiceName}_MFPIntegration_Web_HTTPS_FormLTPA_login_aaa_4</Value></ModifiedConfig>
<ModifiedConfig>
<Match>*/*/xml/action?Name=^MFPIntegration_Web_HTTPS_FormLTPA_aaa-error_gatewayscript_0$</Match>
<Type>change</Type>
<Property/>
<Value>${ServiceName}_MFPIntegration_Web_HTTPS_FormLTPA_aaa-error_gatewayscript_0</Value></ModifiedConfig>
<ModifiedConfig>
<Match>*/*/xml/action?Name=^MFPIntegration_Web_HTTPS_FormLTPA_aaa-error_gatewayscript_1$</Match>
<Type>change</Type>
<Property/>
<Value>${ServiceName}_MFPIntegration_Web_HTTPS_FormLTPA_aaa-error_gatewayscript_1</Value></ModifiedConfig>
<ModifiedConfig>
<Match>*/*/xml/action?Name=^MFPIntegration_Web_HTTPS_FormLTPA_all-error_fetch_0$</Match>
<Type>change</Type>
<Property/>
<Value>${ServiceName}_MFPIntegration_Web_HTTPS_FormLTPA_all-error_fetch_0</Value></ModifiedConfig>
<ModifiedConfig>
<Match>*/*/xml/aaapolicy?Name=^MFPIntegration_Web_HTTPS_FormLTPA_Verify$</Match>
<Type>change</Type>
<Property/>
<Value>${ServiceName}_MFPIntegration_Web_HTTPS_FormLTPA_Verify</Value></ModifiedConfig>
<ModifiedConfig>
<Match>*/*/xml/aaapolicy?Name=^MFPIntegration_Web_HTTPS_FormLTPA_Form2LTPA$</Match>
<Type>change</Type>
<Property/>
<Value>${ServiceName}_MFPIntegration_Web_HTTPS_FormLTPA_Form2LTPA</Value></ModifiedConfig>
<ModifiedConfig>
<Match>*/*/xml/aaapolicy?Name=^MFPIntegration_Web_HTTPS_FormLTPA_unauth$</Match>
<Type>change</Type>
<Property/>
<Value>${ServiceName}_MFPIntegration_Web_HTTPS_FormLTPA_unauth</Value></ModifiedConfig>
<ModifiedConfig>
<Match>*/*/webapp/forms-login-policy?Name=^MFPIntegration_Web_HTTPS_FormLTPA$</Match>
<Type>change</Type>
<Property/>
<Value>${ServiceName}_MFPIntegration_Web_HTTPS_FormLTPA</Value></ModifiedConfig>
<ModifiedConfig>
<Match>*/*/crypto/cookie-attribute-policy?Name=^path$</Match>
<Type>change</Type>
<Property/>
<Value>${ServiceName}_path</Value></ModifiedConfig>
<ModifiedConfig>
<Match>*/*/services/multiprotocol-gateway?Name=^MFPIntegration$&amp;Property=BackendUrl</Match>
<Type>change</Type>
<Property/>
<Value>${services/multiprotocol-gateway:MFPIntegration:BackendUrl}</Value></ModifiedConfig>
<ModifiedConfig>
<Match>*/*/services/multiprotocol-gateway?Name=^MFPIntegration$</Match>
<Type>add</Type>
<Property>SSLProxy</Property>
<Value>${services/multiprotocol-gateway:MFPIntegration:SSLProxy}</Value></ModifiedConfig>
<ModifiedConfig>
<Match>*/*/protocol/https?Name=^MFPIntegration_Web_HTTPS_FormLTPA$&amp;Property=LocalAddress</Match>
<Type>change</Type>
<Property/>
<Value>${protocol/https:MFPIntegration_Web_HTTPS_FormLTPA:LocalAddress}</Value></ModifiedConfig>
<ModifiedConfig>
<Match>*/*/protocol/https?Name=^MFPIntegration_Web_HTTPS_FormLTPA$&amp;Property=LocalPort</Match>
<Type>change</Type>
<Property/>
<Value>${protocol/https:MFPIntegration_Web_HTTPS_FormLTPA:LocalPort}</Value></ModifiedConfig>
<ModifiedConfig>
<Match>*/*/protocol/https?Name=^MFPIntegration_Web_HTTPS_FormLTPA$&amp;Property=SSLProxy</Match>
<Type>change</Type>
<Property/>
<Value>${protocol/https:MFPIntegration_Web_HTTPS_FormLTPA:SSLProxy}</Value></ModifiedConfig>
<ModifiedConfig>
<Match>*/*/xml/aaapolicy?Name=^MFPIntegration_Web_HTTPS_FormLTPA_Verify$&amp;Property=Authenticate/AULTPAKeyFile</Match>
<Type>change</Type>
<Property/>
<Value>${xml/aaapolicy:MFPIntegration_Web_HTTPS_FormLTPA_Verify:Authenticate/AULTPAKeyFile}</Value></ModifiedConfig>
<ModifiedConfig>
<Match>*/*/xml/aaapolicy?Name=^MFPIntegration_Web_HTTPS_FormLTPA_Verify$&amp;Property=Authenticate/AULTPAKeyFilePassword</Match>
<Type>change</Type>
<Property/>
<Value>${xml/aaapolicy:MFPIntegration_Web_HTTPS_FormLTPA_Verify:Authenticate/AULTPAKeyFilePassword}</Value></ModifiedConfig>
<ModifiedConfig>
<Match>*/*/xml/aaapolicy?Name=^MFPIntegration_Web_HTTPS_FormLTPA_Form2LTPA$&amp;Property=PostProcess/PPLTPAKeyFile</Match>
<Type>change</Type>
<Property/>
<Value>${xml/aaapolicy:MFPIntegration_Web_HTTPS_FormLTPA_Form2LTPA:PostProcess/PPLTPAKeyFile}</Value></ModifiedConfig>
<ModifiedConfig>
<Match>*/*/xml/aaapolicy?Name=^MFPIntegration_Web_HTTPS_FormLTPA_Form2LTPA$&amp;Property=PostProcess/PPLTPAKeyFilePassword</Match>
<Type>change</Type>
<Property/>
<Value>${xml/aaapolicy:MFPIntegration_Web_HTTPS_FormLTPA_Form2LTPA:PostProcess/PPLTPAKeyFilePassword}</Value></ModifiedConfig>
<ModifiedConfig>
<Match>*/*/services/multiprotocol-gateway?Name=^MFPIntegration$&amp;Property=FrontProtocol&amp;Value=^MFPIntegration_Web_HTTPS_FormLTPA$</Match>
<Type>change</Type>
<Property/>
<Value>${ServiceName}_MFPIntegration_Web_HTTPS_FormLTPA</Value></ModifiedConfig>
<ModifiedConfig>
<Match>*/*/services/multiprotocol-gateway?Name=^MFPIntegration$&amp;Property=StylePolicy</Match>
<Type>change</Type>
<Property/>
<Value>${ServiceName}_MFPIntegration_Web_HTTPS_FormLTPA</Value></ModifiedConfig>
<ModifiedConfig>
<Match>*/*/services/multiprotocol-gateway?Name=^MFPIntegration$&amp;Property=PolicyAttachments</Match>
<Type>change</Type>
<Property/>
<Value>${ServiceName}_MFPIntegration_Web_HTTPS_FormLTPA</Value></ModifiedConfig>
<ModifiedConfig>
<Match>*/*/services/multiprotocol-gateway?Name=^MFPIntegration$&amp;Property=ErrorPolicy</Match>
<Type>change</Type>
<Property/>
<Value>${ServiceName}_MFPIntegration_Web_HTTPS_FormLTPA</Value></ModifiedConfig>
<ModifiedConfig>
<Match>*/*/xml/stylepolicy?Name=^MFPIntegration_Web_HTTPS_FormLTPA$&amp;Property=PolicyMaps/Match&amp;Value=^MFPIntegration_Web_HTTPS_FormLTPA_web_resources$</Match>
<Type>change</Type>
<Property/>
<Value>${ServiceName}_MFPIntegration_Web_HTTPS_FormLTPA_web_resources</Value></ModifiedConfig>
<ModifiedConfig>
<Match>*/*/xml/stylepolicy?Name=^MFPIntegration_Web_HTTPS_FormLTPA$&amp;Property=PolicyMaps/Match&amp;Value=^MFPIntegration_Web_HTTPS_FormLTPA_logout$</Match>
<Type>change</Type>
<Property/>
<Value>${ServiceName}_MFPIntegration_Web_HTTPS_FormLTPA_logout</Value></ModifiedConfig>
<ModifiedConfig>
<Match>*/*/xml/stylepolicy?Name=^MFPIntegration_Web_HTTPS_FormLTPA$&amp;Property=PolicyMaps/Match&amp;Value=^MFPIntegration_Web_HTTPS_FormLTPA_match_token_header$</Match>
<Type>change</Type>
<Property/>
<Value>${ServiceName}_MFPIntegration_Web_HTTPS_FormLTPA_match_token_header</Value></ModifiedConfig>
<ModifiedConfig>
<Match>*/*/xml/stylepolicy?Name=^MFPIntegration_Web_HTTPS_FormLTPA$&amp;Property=PolicyMaps/Match&amp;Value=^MFPIntegration_Web_HTTPS_FormLTPA_form_authentication$</Match>
<Type>change</Type>
<Property/>
<Value>${ServiceName}_MFPIntegration_Web_HTTPS_FormLTPA_form_authentication</Value></ModifiedConfig>
<ModifiedConfig>
<Match>*/*/xml/stylepolicy?Name=^MFPIntegration_Web_HTTPS_FormLTPA$&amp;Property=PolicyMaps/Match&amp;Value=^MFPIntegration_Web_HTTPS_FormLTPA_match_all$</Match>
<Type>change</Type>
<Property/>
<Value>${ServiceName}_MFPIntegration_Web_HTTPS_FormLTPA_match_all</Value></ModifiedConfig>
<ModifiedConfig>
<Match>*/*/xml/stylepolicy?Name=^MFPIntegration_Web_HTTPS_FormLTPA$&amp;Property=PolicyMaps/Match&amp;Value=^MFPIntegration_Web_HTTPS_FormLTPA_ltpa_error$</Match>
<Type>change</Type>
<Property/>
<Value>${ServiceName}_MFPIntegration_Web_HTTPS_FormLTPA_ltpa_error</Value></ModifiedConfig>
<ModifiedConfig>
<Match>*/*/xml/stylepolicy?Name=^MFPIntegration_Web_HTTPS_FormLTPA$&amp;Property=PolicyMaps/Rule&amp;Value=^MFPIntegration_Web_HTTPS_FormLTPA_web-resources$</Match>
<Type>change</Type>
<Property/>
<Value>${ServiceName}_MFPIntegration_Web_HTTPS_FormLTPA_web-resources</Value></ModifiedConfig>
<ModifiedConfig>
<Match>*/*/xml/stylepolicy?Name=^MFPIntegration_Web_HTTPS_FormLTPA$&amp;Property=PolicyMaps/Rule&amp;Value=^MFPIntegration_Web_HTTPS_FormLTPA_logout$</Match>
<Type>change</Type>
<Property/>
<Value>${ServiceName}_MFPIntegration_Web_HTTPS_FormLTPA_logout</Value></ModifiedConfig>
<ModifiedConfig>
<Match>*/*/xml/stylepolicy?Name=^MFPIntegration_Web_HTTPS_FormLTPA$&amp;Property=PolicyMaps/Rule&amp;Value=^MFPIntegration_Web_HTTPS_FormLTPA_cookie$</Match>
<Type>change</Type>
<Property/>
<Value>${ServiceName}_MFPIntegration_Web_HTTPS_FormLTPA_cookie</Value></ModifiedConfig>
<ModifiedConfig>
<Match>*/*/xml/stylepolicy?Name=^MFPIntegration_Web_HTTPS_FormLTPA$&amp;Property=PolicyMaps/Rule&amp;Value=^MFPIntegration_Web_HTTPS_FormLTPA_form-authentication$</Match>
<Type>change</Type>
<Property/>
<Value>${ServiceName}_MFPIntegration_Web_HTTPS_FormLTPA_form-authentication</Value></ModifiedConfig>
<ModifiedConfig>
<Match>*/*/xml/stylepolicy?Name=^MFPIntegration_Web_HTTPS_FormLTPA$&amp;Property=PolicyMaps/Rule&amp;Value=^MFPIntegration_Web_HTTPS_FormLTPA_login$</Match>
<Type>change</Type>
<Property/>
<Value>${ServiceName}_MFPIntegration_Web_HTTPS_FormLTPA_login</Value></ModifiedConfig>
<ModifiedConfig>
<Match>*/*/xml/stylepolicy?Name=^MFPIntegration_Web_HTTPS_FormLTPA$&amp;Property=PolicyMaps/Rule&amp;Value=^MFPIntegration_Web_HTTPS_FormLTPA_aaa-error$</Match>
<Type>change</Type>
<Property/>
<Value>${ServiceName}_MFPIntegration_Web_HTTPS_FormLTPA_aaa-error</Value></ModifiedConfig>
<ModifiedConfig>
<Match>*/*/xml/stylepolicy?Name=^MFPIntegration_Web_HTTPS_FormLTPA$&amp;Property=PolicyMaps/Rule&amp;Value=^MFPIntegration_Web_HTTPS_FormLTPA_all-error$</Match>
<Type>change</Type>
<Property/>
<Value>${ServiceName}_MFPIntegration_Web_HTTPS_FormLTPA_all-error</Value></ModifiedConfig>
<ModifiedConfig>
<Match>*/*/config/mpgw-errorpolicy?Name=^MFPIntegration_Web_HTTPS_FormLTPA$&amp;Property=PolicyMaps/Match&amp;Value=^MFPIntegration_Web_HTTPS_FormLTPA_match_all$</Match>
<Type>change</Type>
<Property/>
<Value>${ServiceName}_MFPIntegration_Web_HTTPS_FormLTPA_match_all</Value></ModifiedConfig>
<ModifiedConfig>
<Match>*/*/xml/action?Name=^MFPIntegration_Web_HTTPS_FormLTPA_cookie_on-error_0$&amp;Property=Rule</Match>
<Type>change</Type>
<Property/>
<Value>${ServiceName}_MFPIntegration_Web_HTTPS_FormLTPA_aaa-error</Value></ModifiedConfig>
<ModifiedConfig>
<Match>*/*/config/mpgw-errorpolicy?Name=^MFPIntegration_Web_HTTPS_FormLTPA$&amp;Property=PolicyMaps/Action&amp;Value=^MFPIntegration_Web_HTTPS_FormLTPA$</Match>
<Type>change</Type>
<Property/>
<Value>${ServiceName}_MFPIntegration_Web_HTTPS_FormLTPA</Value></ModifiedConfig>
<ModifiedConfig>
<Match>*/*/xml/rule?Name=^MFPIntegration_Web_HTTPS_FormLTPA_web-resources$&amp;Property=Actions&amp;Value=^MFPIntegration_Web_HTTPS_FormLTPA_web-resources_results_1$</Match>
<Type>change</Type>
<Property/>
<Value>${ServiceName}_MFPIntegration_Web_HTTPS_FormLTPA_web-resources_results_1</Value></ModifiedConfig>
<ModifiedConfig>
<Match>*/*/xml/rule?Name=^MFPIntegration_Web_HTTPS_FormLTPA_logout$&amp;Property=Actions&amp;Value=^MFPIntegration_Web_HTTPS_FormLTPA_logout_convert-http_0$</Match>
<Type>change</Type>
<Property/>
<Value>${ServiceName}_MFPIntegration_Web_HTTPS_FormLTPA_logout_convert-http_0</Value></ModifiedConfig>
<ModifiedConfig>
<Match>*/*/xml/rule?Name=^MFPIntegration_Web_HTTPS_FormLTPA_logout$&amp;Property=Actions&amp;Value=^MFPIntegration_Web_HTTPS_FormLTPA_logout_gatewayscript_0$</Match>
<Type>change</Type>
<Property/>
<Value>${ServiceName}_MFPIntegration_Web_HTTPS_FormLTPA_logout_gatewayscript_0</Value></ModifiedConfig>
<ModifiedConfig>
<Match>*/*/xml/rule?Name=^MFPIntegration_Web_HTTPS_FormLTPA_cookie$&amp;Property=Actions&amp;Value=^MFPIntegration_Web_HTTPS_FormLTPA_cookie_on-error_0$</Match>
<Type>change</Type>
<Property/>
<Value>${ServiceName}_MFPIntegration_Web_HTTPS_FormLTPA_cookie_on-error_0</Value></ModifiedConfig>
<ModifiedConfig>
<Match>*/*/xml/rule?Name=^MFPIntegration_Web_HTTPS_FormLTPA_cookie$&amp;Property=Actions&amp;Value=^MFPIntegration_Web_HTTPS_FormLTPA_cookie_aaa_1$</Match>
<Type>change</Type>
<Property/>
<Value>${ServiceName}_MFPIntegration_Web_HTTPS_FormLTPA_cookie_aaa_1</Value></ModifiedConfig>
<ModifiedConfig>
<Match>*/*/xml/rule?Name=^MFPIntegration_Web_HTTPS_FormLTPA_cookie$&amp;Property=Actions&amp;Value=^MFPIntegration_Web_HTTPS_FormLTPA_cookie_results_3$</Match>
<Type>change</Type>
<Property/>
<Value>${ServiceName}_MFPIntegration_Web_HTTPS_FormLTPA_cookie_results_3</Value></ModifiedConfig>
<ModifiedConfig>
<Match>*/*/xml/rule?Name=^MFPIntegration_Web_HTTPS_FormLTPA_form-authentication$&amp;Property=Actions&amp;Value=^MFPIntegration_Web_HTTPS_FormLTPA_form-authentication_convert-http_0$</Match>
<Type>change</Type>
<Property/>
<Value>${ServiceName}_MFPIntegration_Web_HTTPS_FormLTPA_form-authentication_convert-http_0</Value></ModifiedConfig>
<ModifiedConfig>
<Match>*/*/xml/rule?Name=^MFPIntegration_Web_HTTPS_FormLTPA_form-authentication$&amp;Property=Actions&amp;Value=^MFPIntegration_Web_HTTPS_FormLTPA_form-authentication_aaa_3$</Match>
<Type>change</Type>
<Property/>
<Value>${ServiceName}_MFPIntegration_Web_HTTPS_FormLTPA_form-authentication_aaa_3</Value></ModifiedConfig>
<ModifiedConfig>
<Match>*/*/xml/rule?Name=^MFPIntegration_Web_HTTPS_FormLTPA_form-authentication$&amp;Property=Actions&amp;Value=^MFPIntegration_Web_HTTPS_FormLTPA_form-authentication_xform_0$</Match>
<Type>change</Type>
<Property/>
<Value>${ServiceName}_MFPIntegration_Web_HTTPS_FormLTPA_form-authentication_xform_0</Value></ModifiedConfig>
<ModifiedConfig>
<Match>*/*/xml/rule?Name=^MFPIntegration_Web_HTTPS_FormLTPA_login$&amp;Property=Actions&amp;Value=^MFPIntegration_Web_HTTPS_FormLTPA_login_aaa_4$</Match>
<Type>change</Type>
<Property/>
<Value>${ServiceName}_MFPIntegration_Web_HTTPS_FormLTPA_login_aaa_4</Value></ModifiedConfig>
<ModifiedConfig>
<Match>*/*/xml/rule?Name=^MFPIntegration_Web_HTTPS_FormLTPA_aaa-error$&amp;Property=Actions&amp;Value=^MFPIntegration_Web_HTTPS_FormLTPA_aaa-error_gatewayscript_0$</Match>
<Type>change</Type>
<Property/>
<Value>${ServiceName}_MFPIntegration_Web_HTTPS_FormLTPA_aaa-error_gatewayscript_0</Value></ModifiedConfig>
<ModifiedConfig>
<Match>*/*/xml/rule?Name=^MFPIntegration_Web_HTTPS_FormLTPA_aaa-error$&amp;Property=Actions&amp;Value=^MFPIntegration_Web_HTTPS_FormLTPA_aaa-error_gatewayscript_1$</Match>
<Type>change</Type>
<Property/>
<Value>${ServiceName}_MFPIntegration_Web_HTTPS_FormLTPA_aaa-error_gatewayscript_1</Value></ModifiedConfig>
<ModifiedConfig>
<Match>*/*/xml/rule?Name=^MFPIntegration_Web_HTTPS_FormLTPA_all-error$&amp;Property=Actions&amp;Value=^MFPIntegration_Web_HTTPS_FormLTPA_all-error_fetch_0$</Match>
<Type>change</Type>
<Property/>
<Value>${ServiceName}_MFPIntegration_Web_HTTPS_FormLTPA_all-error_fetch_0</Value></ModifiedConfig>
<ModifiedConfig>
<Match>*/*/xml/action?Name=^MFPIntegration_Web_HTTPS_FormLTPA_cookie_aaa_1$&amp;Property=AAA</Match>
<Type>change</Type>
<Property/>
<Value>${ServiceName}_MFPIntegration_Web_HTTPS_FormLTPA_Verify</Value></ModifiedConfig>
<ModifiedConfig>
<Match>*/*/xml/action?Name=^MFPIntegration_Web_HTTPS_FormLTPA_form-authentication_aaa_3$&amp;Property=AAA</Match>
<Type>change</Type>
<Property/>
<Value>${ServiceName}_MFPIntegration_Web_HTTPS_FormLTPA_Form2LTPA</Value></ModifiedConfig>
<ModifiedConfig>
<Match>*/*/xml/action?Name=^MFPIntegration_Web_HTTPS_FormLTPA_login_aaa_4$&amp;Property=AAA</Match>
<Type>change</Type>
<Property/>
<Value>${ServiceName}_MFPIntegration_Web_HTTPS_FormLTPA_unauth</Value></ModifiedConfig>
<ModifiedConfig>
<Match>*/*/xml/aaapolicy?Name=^MFPIntegration_Web_HTTPS_FormLTPA_Form2LTPA$&amp;Property=ExtractIdentity/EIFormsLoginPolicy</Match>
<Type>change</Type>
<Property/>
<Value>${ServiceName}_MFPIntegration_Web_HTTPS_FormLTPA</Value></ModifiedConfig>
<ModifiedConfig>
<Match>*/*/xml/aaapolicy?Name=^MFPIntegration_Web_HTTPS_FormLTPA_unauth$&amp;Property=ExtractIdentity/EIFormsLoginPolicy</Match>
<Type>change</Type>
<Property/>
<Value>${ServiceName}_MFPIntegration_Web_HTTPS_FormLTPA</Value></ModifiedConfig>
<ModifiedConfig>
<Match>*/*/xml/aaapolicy?Name=^MFPIntegration_Web_HTTPS_FormLTPA_Form2LTPA$&amp;Property=PostProcess/PPCookieAttributes</Match>
<Type>change</Type>
<Property/>
<Value>${ServiceName}_path</Value></ModifiedConfig>
<ModifiedConfig>
<Match>*/*/services/multiprotocol-gateway?Name=^MFPIntegration$</Match>
<Type>add</Type>
<Property>UserSummary</Property>
<Value>${UserSummary}</Value></ModifiedConfig>
<ModifiedConfig>
<Match>*/*/services/multiprotocol-gateway?Name=^MFPIntegration$</Match>
<Type>change</Type>
<Property/>
<Value>${ServiceName}</Value></ModifiedConfig>
<SharedObjects>
<ObjectClass>HTTPUserAgent</ObjectClass>
<ObjectName>default</ObjectName></SharedObjects>
<SharedObjects>
<ObjectClass>XMLManager</ObjectClass>
<ObjectName>MFPIntegration_Web_HTTPS_FormLTPA</ObjectName></SharedObjects></ConfigDeploymentPolicy><Pattern name="MPGW_MFPIntegration_1455606626364" xmlns:env="http://www.w3.org/2003/05/soap-envelope" xmlns:dp="http://www.datapower.com/schemas/management">
<mAdminState>enabled</mAdminState>
<UserSummary>MFP_LTPA_Integration</UserSummary>
<Description>&lt;p>This pattern creates a Multi-Protocol Gateway (MPGW) service that is intended to proxy an IBM MobileFirst Platform application. Using this pattern can help reduce the time for implementing your own configuration.&lt;/p> &lt;p>The pattern configures a simple, common flow using LTPA token. Make sure to review it and update, if needed, based on your environment and requirements.&lt;/p> &lt;p>Before deploying the pattern, you need to configure an &lt;strong>SSL Proxy Profile&lt;/strong> or the deployment will fail.&lt;/p> &lt;p>For more information please go to: &lt;a href="http://ibm.biz/mobilefirstdatapower">http://ibm.biz/mobilefirstdatapower&lt;/a>&lt;/p> &lt;p>Use of MFP_LTPA_Integration is governed by the IBM International License Agreement for Non-Warranted Programs, including the License Information (collectively, the "License Agreement"). The terms of the License Agreement are available here (&lt;a href="http://www-03.ibm.com/software/sla/sladb.nsf/displaylis/257AA4F6A7B8E9A485257F5A0018794A?OpenDocument">http://www-03.ibm.com/software/sla/sladb.nsf/displaylis/257AA4F6A7B8E9A485257F5A0018794A?OpenDocument&lt;/a>). Please review them before using MFP_LTPA_Integration. By clicking "Deploy," you acknowledge that you agree to the terms of the License Agreement.&lt;/p></Description>
<CreateDate>2016-02-16</CreateDate>
<ModifyDate>2016-02-16</ModifyDate>
<Author>admin</Author>
<Owner>IBM</Owner>
<Category>MobileFirst Platform</Category>
<Version>1.0</Version>
<Tags>LTPA</Tags>
<Tags>MobileFirst</Tags>
<Tags>mfp</Tags>
<Tags>mobile</Tags>
<DeploymentPolicy class="ConfigDeploymentPolicy">MPGW_MFPIntegration_1455606626364</DeploymentPolicy>
<POV>
<CatID>backend</CatID>
<FormID>MPGWOptions</FormID>
<Resource>services/multiprotocol-gateway</Resource>
<ObjClass>MultiProtocolGateway</ObjClass>
<ObjName>MFPIntegration</ObjName>
<PropName>BackendUrl</PropName>
<PropValue>${services/multiprotocol-gateway:MFPIntegration:BackendUrl}</PropValue>
<PropType>string</PropType>
<PropExposed>true</PropExposed>
<PropRequired>true</PropRequired>
<PropShow>true</PropShow>
<PropClass/></POV>
<POV>
<CatID>backend</CatID>
<FormID>MPGWOptions</FormID>
<Resource>services/multiprotocol-gateway</Resource>
<ObjClass>MultiProtocolGateway</ObjClass>
<ObjName>MFPIntegration</ObjName>
<PropName>SSLProxy</PropName>
<PropValue>${services/multiprotocol-gateway:MFPIntegration:SSLProxy}</PropValue>
<PropType>reference</PropType>
<PropExposed>true</PropExposed>
<PropRequired>false</PropRequired>
<PropShow>true</PropShow>
<PropClass>SSLProxyProfile</PropClass></POV>
<POV>
<CatID>https</CatID>
<FormID>HTTPSHandler</FormID>
<Resource>protocol/https</Resource>
<ObjClass>HTTPSSourceProtocolHandler</ObjClass>
<ObjName>MFPIntegration_Web_HTTPS_FormLTPA</ObjName>
<PropName>LocalAddress</PropName>
<PropValue>${protocol/https:MFPIntegration_Web_HTTPS_FormLTPA:LocalAddress}</PropValue>
<PropType>string</PropType>
<PropExposed>true</PropExposed>
<PropRequired>true</PropRequired>
<PropShow>true</PropShow>
<PropClass/></POV>
<POV>
<CatID>https</CatID>
<FormID>HTTPSHandler</FormID>
<Resource>protocol/https</Resource>
<ObjClass>HTTPSSourceProtocolHandler</ObjClass>
<ObjName>MFPIntegration_Web_HTTPS_FormLTPA</ObjName>
<PropName>LocalPort</PropName>
<PropValue>${protocol/https:MFPIntegration_Web_HTTPS_FormLTPA:LocalPort}</PropValue>
<PropType>string</PropType>
<PropExposed>true</PropExposed>
<PropRequired>true</PropRequired>
<PropShow>true</PropShow>
<PropClass/></POV>
<POV>
<CatID>https</CatID>
<FormID>HTTPSHandler</FormID>
<Resource>protocol/https</Resource>
<ObjClass>HTTPSSourceProtocolHandler</ObjClass>
<ObjName>MFPIntegration_Web_HTTPS_FormLTPA</ObjName>
<PropName>SSLProxy</PropName>
<PropValue>${protocol/https:MFPIntegration_Web_HTTPS_FormLTPA:SSLProxy}</PropValue>
<PropType>reference</PropType>
<PropExposed>true</PropExposed>
<PropRequired>true</PropRequired>
<PropShow>true</PropShow>
<PropClass>SSLProxyProfile</PropClass></POV>
<POV>
<CatID>AAA_AU_LTPA</CatID>
<FormID>AAA_AU_LTPA</FormID>
<Resource>xml/aaapolicy</Resource>
<ObjClass>AAAPolicy</ObjClass>
<ObjName>MFPIntegration_Web_HTTPS_FormLTPA_Verify</ObjName>
<PropName>Authenticate/AULTPAKeyFile</PropName>
<PropValue>${xml/aaapolicy:MFPIntegration_Web_HTTPS_FormLTPA_Verify:Authenticate/AULTPAKeyFile}</PropValue>
<PropType>string</PropType>
<PropExposed>true</PropExposed>
<PropRequired>true</PropRequired>
<PropShow>true</PropShow>
<PropClass/></POV>
<POV>
<CatID>AAA_AU_LTPA</CatID>
<FormID>AAA_AU_LTPA</FormID>
<Resource>xml/aaapolicy</Resource>
<ObjClass>AAAPolicy</ObjClass>
<ObjName>MFPIntegration_Web_HTTPS_FormLTPA_Verify</ObjName>
<PropName>Authenticate/AULTPAKeyFilePassword</PropName>
<PropValue>${xml/aaapolicy:MFPIntegration_Web_HTTPS_FormLTPA_Verify:Authenticate/AULTPAKeyFilePassword}</PropValue>
<PropType>string</PropType>
<PropExposed>true</PropExposed>
<PropRequired>false</PropRequired>
<PropShow>true</PropShow>
<PropClass/></POV>
<POV>
<CatID>AAA_PP_LTPA</CatID>
<FormID>AAA_PP_LTPA</FormID>
<Resource>xml/aaapolicy</Resource>
<ObjClass>AAAPolicy</ObjClass>
<ObjName>MFPIntegration_Web_HTTPS_FormLTPA_Form2LTPA</ObjName>
<PropName>PostProcess/PPLTPAKeyFile</PropName>
<PropValue>${xml/aaapolicy:MFPIntegration_Web_HTTPS_FormLTPA_Form2LTPA:PostProcess/PPLTPAKeyFile}</PropValue>
<PropType>string</PropType>
<PropExposed>true</PropExposed>
<PropRequired>true</PropRequired>
<PropShow>true</PropShow>
<PropClass/></POV>
<POV>
<CatID>AAA_PP_LTPA</CatID>
<FormID>AAA_PP_LTPA</FormID>
<Resource>xml/aaapolicy</Resource>
<ObjClass>AAAPolicy</ObjClass>
<ObjName>MFPIntegration_Web_HTTPS_FormLTPA_Form2LTPA</ObjName>
<PropName>PostProcess/PPLTPAKeyFilePassword</PropName>
<PropValue>${xml/aaapolicy:MFPIntegration_Web_HTTPS_FormLTPA_Form2LTPA:PostProcess/PPLTPAKeyFilePassword}</PropValue>
<PropType>string</PropType>
<PropExposed>true</PropExposed>
<PropRequired>false</PropRequired>
<PropShow>true</PropShow>
<PropClass/></POV>
<POV>
<CatID/>
<FormID/>
<Resource>protocol/https</Resource>
<ObjClass>HTTPSSourceProtocolHandler</ObjClass>
<ObjName>MFPIntegration_Web_HTTPS_FormLTPA</ObjName>
<PropName>Name</PropName>
<PropValue>${ServiceName}_MFPIntegration_Web_HTTPS_FormLTPA</PropValue>
<PropType>reference</PropType>
<PropExposed>false</PropExposed>
<PropRequired>false</PropRequired>
<PropShow>true</PropShow>
<PropClass/></POV>
<POV>
<CatID/>
<FormID/>
<Resource>services/multiprotocol-gateway</Resource>
<ObjClass>MultiProtocolGateway</ObjClass>
<ObjName>MFPIntegration</ObjName>
<PropName>FrontProtocol</PropName>
<PropValue>${ServiceName}_MFPIntegration_Web_HTTPS_FormLTPA</PropValue>
<PropType>vector</PropType>
<PropExposed>false</PropExposed>
<PropRequired>false</PropRequired>
<PropShow>true</PropShow>
<PropClass/></POV>
<POV>
<CatID/>
<FormID/>
<Resource>xml/stylepolicy</Resource>
<ObjClass>StylePolicy</ObjClass>
<ObjName>MFPIntegration_Web_HTTPS_FormLTPA</ObjName>
<PropName>Name</PropName>
<PropValue>${ServiceName}_MFPIntegration_Web_HTTPS_FormLTPA</PropValue>
<PropType>reference</PropType>
<PropExposed>false</PropExposed>
<PropRequired>false</PropRequired>
<PropShow>true</PropShow>
<PropClass/></POV>
<POV>
<CatID/>
<FormID/>
<Resource>services/multiprotocol-gateway</Resource>
<ObjClass>MultiProtocolGateway</ObjClass>
<ObjName>MFPIntegration</ObjName>
<PropName>StylePolicy</PropName>
<PropValue>${ServiceName}_MFPIntegration_Web_HTTPS_FormLTPA</PropValue>
<PropType>reference</PropType>
<PropExposed>false</PropExposed>
<PropRequired>false</PropRequired>
<PropShow>true</PropShow>
<PropClass/></POV>
<POV>
<CatID/>
<FormID/>
<Resource>policy/policy-attachments</Resource>
<ObjClass>PolicyAttachments</ObjClass>
<ObjName>MFPIntegration_Web_HTTPS_FormLTPA</ObjName>
<PropName>Name</PropName>
<PropValue>${ServiceName}_MFPIntegration_Web_HTTPS_FormLTPA</PropValue>
<PropType>reference</PropType>
<PropExposed>false</PropExposed>
<PropRequired>false</PropRequired>
<PropShow>true</PropShow>
<PropClass/></POV>
<POV>
<CatID/>
<FormID/>
<Resource>services/multiprotocol-gateway</Resource>
<ObjClass>MultiProtocolGateway</ObjClass>
<ObjName>MFPIntegration</ObjName>
<PropName>PolicyAttachments</PropName>
<PropValue>${ServiceName}_MFPIntegration_Web_HTTPS_FormLTPA</PropValue>
<PropType>reference</PropType>
<PropExposed>false</PropExposed>
<PropRequired>false</PropRequired>
<PropShow>true</PropShow>
<PropClass/></POV>
<POV>
<CatID/>
<FormID/>
<Resource>config/mpgw-errorpolicy</Resource>
<ObjClass>MPGWErrorHandlingPolicy</ObjClass>
<ObjName>MFPIntegration_Web_HTTPS_FormLTPA</ObjName>
<PropName>Name</PropName>
<PropValue>${ServiceName}_MFPIntegration_Web_HTTPS_FormLTPA</PropValue>
<PropType>reference</PropType>
<PropExposed>false</PropExposed>
<PropRequired>false</PropRequired>
<PropShow>true</PropShow>
<PropClass/></POV>
<POV>
<CatID/>
<FormID/>
<Resource>services/multiprotocol-gateway</Resource>
<ObjClass>MultiProtocolGateway</ObjClass>
<ObjName>MFPIntegration</ObjName>
<PropName>ErrorPolicy</PropName>
<PropValue>${ServiceName}_MFPIntegration_Web_HTTPS_FormLTPA</PropValue>
<PropType>reference</PropType>
<PropExposed>false</PropExposed>
<PropRequired>false</PropRequired>
<PropShow>true</PropShow>
<PropClass/></POV>
<POV>
<CatID/>
<FormID/>
<Resource>xml/matching</Resource>
<ObjClass>Matching</ObjClass>
<ObjName>MFPIntegration_Web_HTTPS_FormLTPA_web_resources</ObjName>
<PropName>Name</PropName>
<PropValue>${ServiceName}_MFPIntegration_Web_HTTPS_FormLTPA_web_resources</PropValue>
<PropType>reference</PropType>
<PropExposed>false</PropExposed>
<PropRequired>false</PropRequired>
<PropShow>true</PropShow>
<PropClass/></POV>
<POV>
<CatID/>
<FormID/>
<Resource>xml/stylepolicy</Resource>
<ObjClass>StylePolicy</ObjClass>
<ObjName>MFPIntegration_Web_HTTPS_FormLTPA</ObjName>
<PropName>PolicyMaps/Match</PropName>
<PropValue>${ServiceName}_MFPIntegration_Web_HTTPS_FormLTPA_web_resources;${ServiceName}_MFPIntegration_Web_HTTPS_FormLTPA_logout;${ServiceName}_MFPIntegration_Web_HTTPS_FormLTPA_match_token_header;${ServiceName}_MFPIntegration_Web_HTTPS_FormLTPA_form_authentication;${ServiceName}_MFPIntegration_Web_HTTPS_FormLTPA_match_all;${ServiceName}_MFPIntegration_Web_HTTPS_FormLTPA_ltpa_error</PropValue>
<PropType>vector</PropType>
<PropExposed>false</PropExposed>
<PropRequired>false</PropRequired>
<PropShow>true</PropShow>
<PropClass/></POV>
<POV>
<CatID/>
<FormID/>
<Resource>xml/rule</Resource>
<ObjClass>StylePolicyRule</ObjClass>
<ObjName>MFPIntegration_Web_HTTPS_FormLTPA_web-resources</ObjName>
<PropName>Name</PropName>
<PropValue>${ServiceName}_MFPIntegration_Web_HTTPS_FormLTPA_web-resources</PropValue>
<PropType>reference</PropType>
<PropExposed>false</PropExposed>
<PropRequired>false</PropRequired>
<PropShow>true</PropShow>
<PropClass/></POV>
<POV>
<CatID/>
<FormID/>
<Resource>xml/stylepolicy</Resource>
<ObjClass>StylePolicy</ObjClass>
<ObjName>MFPIntegration_Web_HTTPS_FormLTPA</ObjName>
<PropName>PolicyMaps/Rule</PropName>
<PropValue>${ServiceName}_MFPIntegration_Web_HTTPS_FormLTPA_web-resources;${ServiceName}_MFPIntegration_Web_HTTPS_FormLTPA_logout;${ServiceName}_MFPIntegration_Web_HTTPS_FormLTPA_cookie;${ServiceName}_MFPIntegration_Web_HTTPS_FormLTPA_form-authentication;${ServiceName}_MFPIntegration_Web_HTTPS_FormLTPA_login;${ServiceName}_MFPIntegration_Web_HTTPS_FormLTPA_aaa-error;${ServiceName}_MFPIntegration_Web_HTTPS_FormLTPA_all-error</PropValue>
<PropType>vector</PropType>
<PropExposed>false</PropExposed>
<PropRequired>false</PropRequired>
<PropShow>true</PropShow>
<PropClass/></POV>
<POV>
<CatID/>
<FormID/>
<Resource>xml/matching</Resource>
<ObjClass>Matching</ObjClass>
<ObjName>MFPIntegration_Web_HTTPS_FormLTPA_logout</ObjName>
<PropName>Name</PropName>
<PropValue>${ServiceName}_MFPIntegration_Web_HTTPS_FormLTPA_logout</PropValue>
<PropType>reference</PropType>
<PropExposed>false</PropExposed>
<PropRequired>false</PropRequired>
<PropShow>true</PropShow>
<PropClass/></POV>
<POV>
<CatID/>
<FormID/>
<Resource>xml/rule</Resource>
<ObjClass>StylePolicyRule</ObjClass>
<ObjName>MFPIntegration_Web_HTTPS_FormLTPA_logout</ObjName>
<PropName>Name</PropName>
<PropValue>${ServiceName}_MFPIntegration_Web_HTTPS_FormLTPA_logout</PropValue>
<PropType>reference</PropType>
<PropExposed>false</PropExposed>
<PropRequired>false</PropRequired>
<PropShow>true</PropShow>
<PropClass/></POV>
<POV>
<CatID/>
<FormID/>
<Resource>xml/matching</Resource>
<ObjClass>Matching</ObjClass>
<ObjName>MFPIntegration_Web_HTTPS_FormLTPA_match_token_header</ObjName>
<PropName>Name</PropName>
<PropValue>${ServiceName}_MFPIntegration_Web_HTTPS_FormLTPA_match_token_header</PropValue>
<PropType>reference</PropType>
<PropExposed>false</PropExposed>
<PropRequired>false</PropRequired>
<PropShow>true</PropShow>
<PropClass/></POV>
<POV>
<CatID/>
<FormID/>
<Resource>xml/rule</Resource>
<ObjClass>StylePolicyRule</ObjClass>
<ObjName>MFPIntegration_Web_HTTPS_FormLTPA_cookie</ObjName>
<PropName>Name</PropName>
<PropValue>${ServiceName}_MFPIntegration_Web_HTTPS_FormLTPA_cookie</PropValue>
<PropType>reference</PropType>
<PropExposed>false</PropExposed>
<PropRequired>false</PropRequired>
<PropShow>true</PropShow>
<PropClass/></POV>
<POV>
<CatID/>
<FormID/>
<Resource>xml/matching</Resource>
<ObjClass>Matching</ObjClass>
<ObjName>MFPIntegration_Web_HTTPS_FormLTPA_form_authentication</ObjName>
<PropName>Name</PropName>
<PropValue>${ServiceName}_MFPIntegration_Web_HTTPS_FormLTPA_form_authentication</PropValue>
<PropType>reference</PropType>
<PropExposed>false</PropExposed>
<PropRequired>false</PropRequired>
<PropShow>true</PropShow>
<PropClass/></POV>
<POV>
<CatID/>
<FormID/>
<Resource>xml/rule</Resource>
<ObjClass>StylePolicyRule</ObjClass>
<ObjName>MFPIntegration_Web_HTTPS_FormLTPA_form-authentication</ObjName>
<PropName>Name</PropName>
<PropValue>${ServiceName}_MFPIntegration_Web_HTTPS_FormLTPA_form-authentication</PropValue>
<PropType>reference</PropType>
<PropExposed>false</PropExposed>
<PropRequired>false</PropRequired>
<PropShow>true</PropShow>
<PropClass/></POV>
<POV>
<CatID/>
<FormID/>
<Resource>xml/matching</Resource>
<ObjClass>Matching</ObjClass>
<ObjName>MFPIntegration_Web_HTTPS_FormLTPA_match_all</ObjName>
<PropName>Name</PropName>
<PropValue>${ServiceName}_MFPIntegration_Web_HTTPS_FormLTPA_match_all</PropValue>
<PropType>reference</PropType>
<PropExposed>false</PropExposed>
<PropRequired>false</PropRequired>
<PropShow>true</PropShow>
<PropClass/></POV>
<POV>
<CatID/>
<FormID/>
<Resource>config/mpgw-errorpolicy</Resource>
<ObjClass>MPGWErrorHandlingPolicy</ObjClass>
<ObjName>MFPIntegration_Web_HTTPS_FormLTPA</ObjName>
<PropName>PolicyMaps/Match</PropName>
<PropValue>${ServiceName}_MFPIntegration_Web_HTTPS_FormLTPA_match_all</PropValue>
<PropType>vector</PropType>
<PropExposed>false</PropExposed>
<PropRequired>false</PropRequired>
<PropShow>true</PropShow>
<PropClass/></POV>
<POV>
<CatID/>
<FormID/>
<Resource>xml/rule</Resource>
<ObjClass>StylePolicyRule</ObjClass>
<ObjName>MFPIntegration_Web_HTTPS_FormLTPA_login</ObjName>
<PropName>Name</PropName>
<PropValue>${ServiceName}_MFPIntegration_Web_HTTPS_FormLTPA_login</PropValue>
<PropType>reference</PropType>
<PropExposed>false</PropExposed>
<PropRequired>false</PropRequired>
<PropShow>true</PropShow>
<PropClass/></POV>
<POV>
<CatID/>
<FormID/>
<Resource>xml/matching</Resource>
<ObjClass>Matching</ObjClass>
<ObjName>MFPIntegration_Web_HTTPS_FormLTPA_ltpa_error</ObjName>
<PropName>Name</PropName>
<PropValue>${ServiceName}_MFPIntegration_Web_HTTPS_FormLTPA_ltpa_error</PropValue>
<PropType>reference</PropType>
<PropExposed>false</PropExposed>
<PropRequired>false</PropRequired>
<PropShow>true</PropShow>
<PropClass/></POV>
<POV>
<CatID/>
<FormID/>
<Resource>xml/rule</Resource>
<ObjClass>StylePolicyRule</ObjClass>
<ObjName>MFPIntegration_Web_HTTPS_FormLTPA_aaa-error</ObjName>
<PropName>Name</PropName>
<PropValue>${ServiceName}_MFPIntegration_Web_HTTPS_FormLTPA_aaa-error</PropValue>
<PropType>reference</PropType>
<PropExposed>false</PropExposed>
<PropRequired>false</PropRequired>
<PropShow>true</PropShow>
<PropClass/></POV>
<POV>
<CatID/>
<FormID/>
<Resource>xml/action</Resource>
<ObjClass>StylePolicyAction</ObjClass>
<ObjName>MFPIntegration_Web_HTTPS_FormLTPA_cookie_on-error_0</ObjName>
<PropName>Rule</PropName>
<PropValue>${ServiceName}_MFPIntegration_Web_HTTPS_FormLTPA_aaa-error</PropValue>
<PropType>reference</PropType>
<PropExposed>false</PropExposed>
<PropRequired>false</PropRequired>
<PropShow>true</PropShow>
<PropClass/></POV>
<POV>
<CatID/>
<FormID/>
<Resource>xml/rule</Resource>
<ObjClass>StylePolicyRule</ObjClass>
<ObjName>MFPIntegration_Web_HTTPS_FormLTPA_all-error</ObjName>
<PropName>Name</PropName>
<PropValue>${ServiceName}_MFPIntegration_Web_HTTPS_FormLTPA_all-error</PropValue>
<PropType>reference</PropType>
<PropExposed>false</PropExposed>
<PropRequired>false</PropRequired>
<PropShow>true</PropShow>
<PropClass/></POV>
<POV>
<CatID/>
<FormID/>
<Resource>config/mpgw-erroraction</Resource>
<ObjClass>MPGWErrorAction</ObjClass>
<ObjName>MFPIntegration_Web_HTTPS_FormLTPA</ObjName>
<PropName>Name</PropName>
<PropValue>${ServiceName}_MFPIntegration_Web_HTTPS_FormLTPA</PropValue>
<PropType>reference</PropType>
<PropExposed>false</PropExposed>
<PropRequired>false</PropRequired>
<PropShow>true</PropShow>
<PropClass/></POV>
<POV>
<CatID/>
<FormID/>
<Resource>config/mpgw-errorpolicy</Resource>
<ObjClass>MPGWErrorHandlingPolicy</ObjClass>
<ObjName>MFPIntegration_Web_HTTPS_FormLTPA</ObjName>
<PropName>PolicyMaps/Action</PropName>
<PropValue>${ServiceName}_MFPIntegration_Web_HTTPS_FormLTPA</PropValue>
<PropType>vector</PropType>
<PropExposed>false</PropExposed>
<PropRequired>false</PropRequired>
<PropShow>true</PropShow>
<PropClass/></POV>
<POV>
<CatID/>
<FormID/>
<Resource>xml/action</Resource>
<ObjClass>StylePolicyAction</ObjClass>
<ObjName>MFPIntegration_Web_HTTPS_FormLTPA_web-resources_results_1</ObjName>
<PropName>Name</PropName>
<PropValue>${ServiceName}_MFPIntegration_Web_HTTPS_FormLTPA_web-resources_results_1</PropValue>
<PropType>reference</PropType>
<PropExposed>false</PropExposed>
<PropRequired>false</PropRequired>
<PropShow>true</PropShow>
<PropClass/></POV>
<POV>
<CatID/>
<FormID/>
<Resource>xml/rule</Resource>
<ObjClass>StylePolicyRule</ObjClass>
<ObjName>MFPIntegration_Web_HTTPS_FormLTPA_web-resources</ObjName>
<PropName>Actions</PropName>
<PropValue>${ServiceName}_MFPIntegration_Web_HTTPS_FormLTPA_web-resources_results_1</PropValue>
<PropType>vector</PropType>
<PropExposed>false</PropExposed>
<PropRequired>false</PropRequired>
<PropShow>true</PropShow>
<PropClass/></POV>
<POV>
<CatID/>
<FormID/>
<Resource>xml/action</Resource>
<ObjClass>StylePolicyAction</ObjClass>
<ObjName>MFPIntegration_Web_HTTPS_FormLTPA_logout_convert-http_0</ObjName>
<PropName>Name</PropName>
<PropValue>${ServiceName}_MFPIntegration_Web_HTTPS_FormLTPA_logout_convert-http_0</PropValue>
<PropType>reference</PropType>
<PropExposed>false</PropExposed>
<PropRequired>false</PropRequired>
<PropShow>true</PropShow>
<PropClass/></POV>
<POV>
<CatID/>
<FormID/>
<Resource>xml/rule</Resource>
<ObjClass>StylePolicyRule</ObjClass>
<ObjName>MFPIntegration_Web_HTTPS_FormLTPA_logout</ObjName>
<PropName>Actions</PropName>
<PropValue>${ServiceName}_MFPIntegration_Web_HTTPS_FormLTPA_logout_convert-http_0;${ServiceName}_MFPIntegration_Web_HTTPS_FormLTPA_logout_gatewayscript_0</PropValue>
<PropType>vector</PropType>
<PropExposed>false</PropExposed>
<PropRequired>false</PropRequired>
<PropShow>true</PropShow>
<PropClass/></POV>
<POV>
<CatID/>
<FormID/>
<Resource>xml/action</Resource>
<ObjClass>StylePolicyAction</ObjClass>
<ObjName>MFPIntegration_Web_HTTPS_FormLTPA_logout_gatewayscript_0</ObjName>
<PropName>Name</PropName>
<PropValue>${ServiceName}_MFPIntegration_Web_HTTPS_FormLTPA_logout_gatewayscript_0</PropValue>
<PropType>reference</PropType>
<PropExposed>false</PropExposed>
<PropRequired>false</PropRequired>
<PropShow>true</PropShow>
<PropClass/></POV>
<POV>
<CatID/>
<FormID/>
<Resource>xml/action</Resource>
<ObjClass>StylePolicyAction</ObjClass>
<ObjName>MFPIntegration_Web_HTTPS_FormLTPA_cookie_on-error_0</ObjName>
<PropName>Name</PropName>
<PropValue>${ServiceName}_MFPIntegration_Web_HTTPS_FormLTPA_cookie_on-error_0</PropValue>
<PropType>reference</PropType>
<PropExposed>false</PropExposed>
<PropRequired>false</PropRequired>
<PropShow>true</PropShow>
<PropClass/></POV>
<POV>
<CatID/>
<FormID/>
<Resource>xml/rule</Resource>
<ObjClass>StylePolicyRule</ObjClass>
<ObjName>MFPIntegration_Web_HTTPS_FormLTPA_cookie</ObjName>
<PropName>Actions</PropName>
<PropValue>${ServiceName}_MFPIntegration_Web_HTTPS_FormLTPA_cookie_on-error_0;${ServiceName}_MFPIntegration_Web_HTTPS_FormLTPA_cookie_aaa_1;${ServiceName}_MFPIntegration_Web_HTTPS_FormLTPA_cookie_results_3</PropValue>
<PropType>vector</PropType>
<PropExposed>false</PropExposed>
<PropRequired>false</PropRequired>
<PropShow>true</PropShow>
<PropClass/></POV>
<POV>
<CatID/>
<FormID/>
<Resource>xml/action</Resource>
<ObjClass>StylePolicyAction</ObjClass>
<ObjName>MFPIntegration_Web_HTTPS_FormLTPA_cookie_aaa_1</ObjName>
<PropName>Name</PropName>
<PropValue>${ServiceName}_MFPIntegration_Web_HTTPS_FormLTPA_cookie_aaa_1</PropValue>
<PropType>reference</PropType>
<PropExposed>false</PropExposed>
<PropRequired>false</PropRequired>
<PropShow>true</PropShow>
<PropClass/></POV>
<POV>
<CatID/>
<FormID/>
<Resource>xml/action</Resource>
<ObjClass>StylePolicyAction</ObjClass>
<ObjName>MFPIntegration_Web_HTTPS_FormLTPA_cookie_results_3</ObjName>
<PropName>Name</PropName>
<PropValue>${ServiceName}_MFPIntegration_Web_HTTPS_FormLTPA_cookie_results_3</PropValue>
<PropType>reference</PropType>
<PropExposed>false</PropExposed>
<PropRequired>false</PropRequired>
<PropShow>true</PropShow>
<PropClass/></POV>
<POV>
<CatID/>
<FormID/>
<Resource>xml/action</Resource>
<ObjClass>StylePolicyAction</ObjClass>
<ObjName>MFPIntegration_Web_HTTPS_FormLTPA_form-authentication_convert-http_0</ObjName>
<PropName>Name</PropName>
<PropValue>${ServiceName}_MFPIntegration_Web_HTTPS_FormLTPA_form-authentication_convert-http_0</PropValue>
<PropType>reference</PropType>
<PropExposed>false</PropExposed>
<PropRequired>false</PropRequired>
<PropShow>true</PropShow>
<PropClass/></POV>
<POV>
<CatID/>
<FormID/>
<Resource>xml/rule</Resource>
<ObjClass>StylePolicyRule</ObjClass>
<ObjName>MFPIntegration_Web_HTTPS_FormLTPA_form-authentication</ObjName>
<PropName>Actions</PropName>
<PropValue>${ServiceName}_MFPIntegration_Web_HTTPS_FormLTPA_form-authentication_convert-http_0;${ServiceName}_MFPIntegration_Web_HTTPS_FormLTPA_form-authentication_aaa_3;${ServiceName}_MFPIntegration_Web_HTTPS_FormLTPA_form-authentication_xform_0</PropValue>
<PropType>vector</PropType>
<PropExposed>false</PropExposed>
<PropRequired>false</PropRequired>
<PropShow>true</PropShow>
<PropClass/></POV>
<POV>
<CatID/>
<FormID/>
<Resource>xml/action</Resource>
<ObjClass>StylePolicyAction</ObjClass>
<ObjName>MFPIntegration_Web_HTTPS_FormLTPA_form-authentication_aaa_3</ObjName>
<PropName>Name</PropName>
<PropValue>${ServiceName}_MFPIntegration_Web_HTTPS_FormLTPA_form-authentication_aaa_3</PropValue>
<PropType>reference</PropType>
<PropExposed>false</PropExposed>
<PropRequired>false</PropRequired>
<PropShow>true</PropShow>
<PropClass/></POV>
<POV>
<CatID/>
<FormID/>
<Resource>xml/action</Resource>
<ObjClass>StylePolicyAction</ObjClass>
<ObjName>MFPIntegration_Web_HTTPS_FormLTPA_form-authentication_xform_0</ObjName>
<PropName>Name</PropName>
<PropValue>${ServiceName}_MFPIntegration_Web_HTTPS_FormLTPA_form-authentication_xform_0</PropValue>
<PropType>reference</PropType>
<PropExposed>false</PropExposed>
<PropRequired>false</PropRequired>
<PropShow>true</PropShow>
<PropClass/></POV>
<POV>
<CatID/>
<FormID/>
<Resource>xml/action</Resource>
<ObjClass>StylePolicyAction</ObjClass>
<ObjName>MFPIntegration_Web_HTTPS_FormLTPA_login_aaa_4</ObjName>
<PropName>Name</PropName>
<PropValue>${ServiceName}_MFPIntegration_Web_HTTPS_FormLTPA_login_aaa_4</PropValue>
<PropType>reference</PropType>
<PropExposed>false</PropExposed>
<PropRequired>false</PropRequired>
<PropShow>true</PropShow>
<PropClass/></POV>
<POV>
<CatID/>
<FormID/>
<Resource>xml/rule</Resource>
<ObjClass>StylePolicyRule</ObjClass>
<ObjName>MFPIntegration_Web_HTTPS_FormLTPA_login</ObjName>
<PropName>Actions</PropName>
<PropValue>${ServiceName}_MFPIntegration_Web_HTTPS_FormLTPA_login_aaa_4</PropValue>
<PropType>vector</PropType>
<PropExposed>false</PropExposed>
<PropRequired>false</PropRequired>
<PropShow>true</PropShow>
<PropClass/></POV>
<POV>
<CatID/>
<FormID/>
<Resource>xml/action</Resource>
<ObjClass>StylePolicyAction</ObjClass>
<ObjName>MFPIntegration_Web_HTTPS_FormLTPA_aaa-error_gatewayscript_0</ObjName>
<PropName>Name</PropName>
<PropValue>${ServiceName}_MFPIntegration_Web_HTTPS_FormLTPA_aaa-error_gatewayscript_0</PropValue>
<PropType>reference</PropType>
<PropExposed>false</PropExposed>
<PropRequired>false</PropRequired>
<PropShow>true</PropShow>
<PropClass/></POV>
<POV>
<CatID/>
<FormID/>
<Resource>xml/rule</Resource>
<ObjClass>StylePolicyRule</ObjClass>
<ObjName>MFPIntegration_Web_HTTPS_FormLTPA_aaa-error</ObjName>
<PropName>Actions</PropName>
<PropValue>${ServiceName}_MFPIntegration_Web_HTTPS_FormLTPA_aaa-error_gatewayscript_0;${ServiceName}_MFPIntegration_Web_HTTPS_FormLTPA_aaa-error_gatewayscript_1</PropValue>
<PropType>vector</PropType>
<PropExposed>false</PropExposed>
<PropRequired>false</PropRequired>
<PropShow>true</PropShow>
<PropClass/></POV>
<POV>
<CatID/>
<FormID/>
<Resource>xml/action</Resource>
<ObjClass>StylePolicyAction</ObjClass>
<ObjName>MFPIntegration_Web_HTTPS_FormLTPA_aaa-error_gatewayscript_1</ObjName>
<PropName>Name</PropName>
<PropValue>${ServiceName}_MFPIntegration_Web_HTTPS_FormLTPA_aaa-error_gatewayscript_1</PropValue>
<PropType>reference</PropType>
<PropExposed>false</PropExposed>
<PropRequired>false</PropRequired>
<PropShow>true</PropShow>
<PropClass/></POV>
<POV>
<CatID/>
<FormID/>
<Resource>xml/action</Resource>
<ObjClass>StylePolicyAction</ObjClass>
<ObjName>MFPIntegration_Web_HTTPS_FormLTPA_all-error_fetch_0</ObjName>
<PropName>Name</PropName>
<PropValue>${ServiceName}_MFPIntegration_Web_HTTPS_FormLTPA_all-error_fetch_0</PropValue>
<PropType>reference</PropType>
<PropExposed>false</PropExposed>
<PropRequired>false</PropRequired>
<PropShow>true</PropShow>
<PropClass/></POV>
<POV>
<CatID/>
<FormID/>
<Resource>xml/rule</Resource>
<ObjClass>StylePolicyRule</ObjClass>
<ObjName>MFPIntegration_Web_HTTPS_FormLTPA_all-error</ObjName>
<PropName>Actions</PropName>
<PropValue>${ServiceName}_MFPIntegration_Web_HTTPS_FormLTPA_all-error_fetch_0</PropValue>
<PropType>vector</PropType>
<PropExposed>false</PropExposed>
<PropRequired>false</PropRequired>
<PropShow>true</PropShow>
<PropClass/></POV>
<POV>
<CatID/>
<FormID/>
<Resource>xml/aaapolicy</Resource>
<ObjClass>AAAPolicy</ObjClass>
<ObjName>MFPIntegration_Web_HTTPS_FormLTPA_Verify</ObjName>
<PropName>Name</PropName>
<PropValue>${ServiceName}_MFPIntegration_Web_HTTPS_FormLTPA_Verify</PropValue>
<PropType>reference</PropType>
<PropExposed>false</PropExposed>
<PropRequired>false</PropRequired>
<PropShow>true</PropShow>
<PropClass/></POV>
<POV>
<CatID/>
<FormID/>
<Resource>xml/action</Resource>
<ObjClass>StylePolicyAction</ObjClass>
<ObjName>MFPIntegration_Web_HTTPS_FormLTPA_cookie_aaa_1</ObjName>
<PropName>AAA</PropName>
<PropValue>${ServiceName}_MFPIntegration_Web_HTTPS_FormLTPA_Verify</PropValue>
<PropType>reference</PropType>
<PropExposed>false</PropExposed>
<PropRequired>false</PropRequired>
<PropShow>true</PropShow>
<PropClass/></POV>
<POV>
<CatID/>
<FormID/>
<Resource>xml/aaapolicy</Resource>
<ObjClass>AAAPolicy</ObjClass>
<ObjName>MFPIntegration_Web_HTTPS_FormLTPA_Form2LTPA</ObjName>
<PropName>Name</PropName>
<PropValue>${ServiceName}_MFPIntegration_Web_HTTPS_FormLTPA_Form2LTPA</PropValue>
<PropType>reference</PropType>
<PropExposed>false</PropExposed>
<PropRequired>false</PropRequired>
<PropShow>true</PropShow>
<PropClass/></POV>
<POV>
<CatID/>
<FormID/>
<Resource>xml/action</Resource>
<ObjClass>StylePolicyAction</ObjClass>
<ObjName>MFPIntegration_Web_HTTPS_FormLTPA_form-authentication_aaa_3</ObjName>
<PropName>AAA</PropName>
<PropValue>${ServiceName}_MFPIntegration_Web_HTTPS_FormLTPA_Form2LTPA</PropValue>
<PropType>reference</PropType>
<PropExposed>false</PropExposed>
<PropRequired>false</PropRequired>
<PropShow>true</PropShow>
<PropClass/></POV>
<POV>
<CatID/>
<FormID/>
<Resource>xml/aaapolicy</Resource>
<ObjClass>AAAPolicy</ObjClass>
<ObjName>MFPIntegration_Web_HTTPS_FormLTPA_unauth</ObjName>
<PropName>Name</PropName>
<PropValue>${ServiceName}_MFPIntegration_Web_HTTPS_FormLTPA_unauth</PropValue>
<PropType>reference</PropType>
<PropExposed>false</PropExposed>
<PropRequired>false</PropRequired>
<PropShow>true</PropShow>
<PropClass/></POV>
<POV>
<CatID/>
<FormID/>
<Resource>xml/action</Resource>
<ObjClass>StylePolicyAction</ObjClass>
<ObjName>MFPIntegration_Web_HTTPS_FormLTPA_login_aaa_4</ObjName>
<PropName>AAA</PropName>
<PropValue>${ServiceName}_MFPIntegration_Web_HTTPS_FormLTPA_unauth</PropValue>
<PropType>reference</PropType>
<PropExposed>false</PropExposed>
<PropRequired>false</PropRequired>
<PropShow>true</PropShow>
<PropClass/></POV>
<POV>
<CatID/>
<FormID/>
<Resource>webapp/forms-login-policy</Resource>
<ObjClass>FormsLoginPolicy</ObjClass>
<ObjName>MFPIntegration_Web_HTTPS_FormLTPA</ObjName>
<PropName>Name</PropName>
<PropValue>${ServiceName}_MFPIntegration_Web_HTTPS_FormLTPA</PropValue>
<PropType>reference</PropType>
<PropExposed>false</PropExposed>
<PropRequired>false</PropRequired>
<PropShow>true</PropShow>
<PropClass/></POV>
<POV>
<CatID/>
<FormID/>
<Resource>xml/aaapolicy</Resource>
<ObjClass>AAAPolicy</ObjClass>
<ObjName>MFPIntegration_Web_HTTPS_FormLTPA_Form2LTPA</ObjName>
<PropName>ExtractIdentity/EIFormsLoginPolicy</PropName>
<PropValue>${ServiceName}_MFPIntegration_Web_HTTPS_FormLTPA</PropValue>
<PropType>reference</PropType>
<PropExposed>false</PropExposed>
<PropRequired>false</PropRequired>
<PropShow>true</PropShow>
<PropClass/></POV>
<POV>
<CatID/>
<FormID/>
<Resource>xml/aaapolicy</Resource>
<ObjClass>AAAPolicy</ObjClass>
<ObjName>MFPIntegration_Web_HTTPS_FormLTPA_unauth</ObjName>
<PropName>ExtractIdentity/EIFormsLoginPolicy</PropName>
<PropValue>${ServiceName}_MFPIntegration_Web_HTTPS_FormLTPA</PropValue>
<PropType>reference</PropType>
<PropExposed>false</PropExposed>
<PropRequired>false</PropRequired>
<PropShow>true</PropShow>
<PropClass/></POV>
<POV>
<CatID/>
<FormID/>
<Resource>crypto/cookie-attribute-policy</Resource>
<ObjClass>CookieAttributePolicy</ObjClass>
<ObjName>path</ObjName>
<PropName>Name</PropName>
<PropValue>${ServiceName}_path</PropValue>
<PropType>reference</PropType>
<PropExposed>false</PropExposed>
<PropRequired>false</PropRequired>
<PropShow>true</PropShow>
<PropClass/></POV>
<POV>
<CatID/>
<FormID/>
<Resource>xml/aaapolicy</Resource>
<ObjClass>AAAPolicy</ObjClass>
<ObjName>MFPIntegration_Web_HTTPS_FormLTPA_Form2LTPA</ObjName>
<PropName>PostProcess/PPCookieAttributes</PropName>
<PropValue>${ServiceName}_path</PropValue>
<PropType>reference</PropType>
<PropExposed>false</PropExposed>
<PropRequired>false</PropRequired>
<PropShow>true</PropShow>
<PropClass/></POV>
<POV>
<CatID/>
<FormID/>
<Resource>services/multiprotocol-gateway</Resource>
<ObjClass/>
<ObjName>MFPIntegration</ObjName>
<PropName>UserSummary</PropName>
<PropValue>${UserSummary}</PropValue>
<PropType>string</PropType>
<PropExposed>false</PropExposed>
<PropRequired>false</PropRequired>
<PropShow>true</PropShow>
<PropClass/></POV>
<POV>
<CatID/>
<FormID/>
<Resource>services/multiprotocol-gateway</Resource>
<ObjClass/>
<ObjName>MFPIntegration</ObjName>
<PropName>Name</PropName>
<PropValue>${ServiceName}</PropValue>
<PropType>string</PropType>
<PropExposed>false</PropExposed>
<PropRequired>false</PropRequired>
<PropShow>true</PropShow>
<PropClass/></POV>
<POVCategory>
<CatID>backend:MFPIntegration</CatID>
<CatLabel>Destinations</CatLabel>
<CatDescription/></POVCategory>
<POVCategory>
<CatID>https:MFPIntegration_Web_HTTPS_FormLTPA</CatID>
<CatLabel>HTTPS connection</CatLabel>
<CatDescription>This step is generated from the MFPIntegration_Web_HTTPS_FormLTPA configuration of the source service.</CatDescription></POVCategory>
<POVCategory>
<CatID>AAA_AU_LTPA:MFPIntegration_Web_HTTPS_FormLTPA_Verify</CatID>
<CatLabel>Authenticate with LTPA</CatLabel>
<CatDescription>This step is generated from the MFPIntegration_Web_HTTPS_FormLTPA_Verify configuration of the source service.</CatDescription></POVCategory>
<POVCategory>
<CatID>AAA_PP_LTPA:MFPIntegration_Web_HTTPS_FormLTPA_Form2LTPA</CatID>
<CatLabel/>
<CatDescription>This step is generated from the MFPIntegration_Web_HTTPS_FormLTPA_Form2LTPA configuration of the source service.</CatDescription></POVCategory>
<POVVariable>
<VarID>${services/multiprotocol-gateway:MFPIntegration:BackendUrl}</VarID>
<VarLabel/>
<VarDescription/>
<VarValue>http://my-mfp-server:9080/MyContext</VarValue>
<VarShow>false</VarShow>
<VarValidation/></POVVariable>
<POVVariable>
<VarID>${protocol/https:MFPIntegration_Web_HTTPS_FormLTPA:LocalAddress}</VarID>
<VarLabel/>
<VarDescription/>
<VarValue>0.0.0.0</VarValue>
<VarShow>false</VarShow>
<VarValidation/></POVVariable>
<POVVariable>
<VarID>${protocol/https:MFPIntegration_Web_HTTPS_FormLTPA:LocalPort}</VarID>
<VarLabel/>
<VarDescription/>
<VarValue>49443</VarValue>
<VarShow>false</VarShow>
<VarValidation/></POVVariable>
<POVVariable>
<VarID>${xml/aaapolicy:MFPIntegration_Web_HTTPS_FormLTPA_Verify:Authenticate/AULTPAKeyFile}</VarID>
<VarLabel/>
<VarDescription/>
<VarValue>local:///ltpa.keys</VarValue>
<VarShow>false</VarShow>
<VarValidation/></POVVariable>
<POVVariable>
<VarID>${xml/aaapolicy:MFPIntegration_Web_HTTPS_FormLTPA_Verify:Authenticate/AULTPAKeyFilePassword}</VarID>
<VarLabel/>
<VarDescription/>
<VarValue>WebAS</VarValue>
<VarShow>false</VarShow>
<VarValidation/></POVVariable>
<POVVariable>
<VarID>${xml/aaapolicy:MFPIntegration_Web_HTTPS_FormLTPA_Form2LTPA:PostProcess/PPLTPAKeyFile}</VarID>
<VarLabel/>
<VarDescription/>
<VarValue>local:///ltpa.keys</VarValue>
<VarShow>false</VarShow>
<VarValidation/></POVVariable>
<POVVariable>
<VarID>${xml/aaapolicy:MFPIntegration_Web_HTTPS_FormLTPA_Form2LTPA:PostProcess/PPLTPAKeyFilePassword}</VarID>
<VarLabel/>
<VarDescription/>
<VarValue>WebAS</VarValue>
<VarShow>false</VarShow>
<VarValidation/></POVVariable>
<POVVariable>
<VarID>${services/multiprotocol-gateway:MFPIntegration:SSLProxy}</VarID>
<VarLabel/>
<VarDescription/>
<VarValue/>
<VarShow>false</VarShow>
<VarValidation/></POVVariable>
<POVVariable>
<VarID>${protocol/https:MFPIntegration_Web_HTTPS_FormLTPA:SSLProxy}</VarID>
<VarLabel/>
<VarDescription/>
<VarValue/>
<VarShow>false</VarShow>
<VarValidation/></POVVariable>
<POVVariable>
<VarID>${UserSummary}</VarID>
<VarLabel>UserSummary</VarLabel>
<VarDescription>UserSummary</VarDescription>
<VarValue>${UserSummary}</VarValue>
<VarShow>true</VarShow>
<VarValidation/></POVVariable>
<POVVariable>
<VarID>${ServiceName}</VarID>
<VarLabel>ServiceName</VarLabel>
<VarDescription>ServiceName</VarDescription>
<VarValue>${ServiceName}</VarValue>
<VarShow>true</VarShow>
<VarValidation/></POVVariable>
<SharedObjects>
<ObjectClass>XMLManager</ObjectClass>
<ObjectName>MFPIntegration_Web_HTTPS_FormLTPA</ObjectName>
<Shared>true</Shared></SharedObjects>
<SharedObjects>
<ObjectClass>HTTPUserAgent</ObjectClass>
<ObjectName>default</ObjectName>
<Shared>true</Shared></SharedObjects>
<Exemplar>config://Exemplar_MPGW_MFPIntegration_1455606626364.zip</Exemplar>
<ExemplarClass>MultiProtocolGateway</ExemplarClass>
<ExemplarInstance>MFPIntegration</ExemplarInstance>
<TargetRole>deployer</TargetRole></Pattern></configuration><files><file name="config:///Exemplar_MPGW_MFPIntegration_1455606626364.zip" src="config/Exemplar_MPGW_MFPIntegration_1455606626364.zip" location="config" hash="uLfukHn1YxVIkGDSs0oqe4Hl63o="/><file name="webgui:///clixform.xsl" src="dp-aux/clixform.xsl" location="dp-aux" internal="true" hash="VDMmK7SqYQj54lreD0zRd3Ipqwk="/><file name="webgui:///SchemaUtil.xsl" src="dp-aux/SchemaUtil.xsl" location="dp-aux" internal="true" hash="8fmsXUfiaQKycD1E2HoNtTPk95c="/><file name="webgui:///management.xsl" src="dp-aux/management.xsl" location="dp-aux" internal="true" hash="EOeJnfXfGxgKVTgNTGthBkYOdf4="/><file name="webgui:///map-dmz.xsl" src="dp-aux/map-dmz.xsl" location="dp-aux" internal="true" hash="n00B2bmGoH6OdSOW1QRz/SNVbYc="/><file name="webgui:///drMgmt.xml" src="dp-aux/drMgmt.xml" location="dp-aux" internal="true" hash="/wIEN+cVtkD2E8TLdSiuolcQ7p8="/><file name="webgui:///basetypes.xml" src="dp-aux/basetypes.xml" location="dp-aux" internal="true" hash="RYFFfpY7r0N4aqpmlXGbR95vKaM="/></files></datapower-configuration>